docket,dept,violation_address,lat,long,community,ward_1523,violation_date,n_records,dept_label
19DS68300L,STRTSAN,4710 S WESTERN AVE,41.807859,-87.68479703503766,BRIGHTON PARK,15,2019-11-13,2,DSS
19DS72172L,STRTSAN,2646 W 47TH ST,41.80841619044246,-87.6909019306209,BRIGHTON PARK,15,2019-11-13,2,DSS
19DS72178L,STRTSAN,2607 W 47TH ST,41.808159450000005,-87.68969175000001,BRIGHTON PARK,15,2019-11-13,1,DSS
19DS72224L,STRTSAN,2605 W 47TH ST,41.80827320712282,-87.68961443158123,BRIGHTON PARK,15,2019-11-13,2,DSS
19DS72255L,STRTSAN,2509 W 47TH ST,41.807998350000005,-87.68742976581026,BRIGHTON PARK,15,2019-11-13,2,DSS
19DS72301L,STRTSAN,2559 W 47TH ST,41.80828429996001,-87.68892366933247,BRIGHTON PARK,15,2019-11-13,1,DSS
19DS72310L,STRTSAN,2547 W 47TH ST,41.80829061653844,-87.68851555653939,BRIGHTON PARK,15,2019-11-13,4,DSS
19DS72311L,STRTSAN,2502 W 47TH ST,41.808477535422,-87.68706911854203,BRIGHTON PARK,15,2019-11-13,2,DSS
19DS72319L,STRTSAN,2432 W 47TH ST,41.8085945,-87.68568239999999,BRIGHTON PARK,15,2019-11-13,2,DSS
20CP005520,POLICE,2139 W 72ND PL,41.76181925,-87.67742349070922,WEST ENGLEWOOD,17,2020-01-24,6,Police
20CP008508,POLICE,7419 S HARVARD ,41.75933345,-87.63298858042347,GREATER GRAND CROSSING,6,2020-02-10,3,Police
20CP012141,POLICE,6704 S WOOD ST,41.771936333333336,-87.66898533333332,WEST ENGLEWOOD,16,2020-02-27,1,Police
20DS72765L,STRTSAN,7201 S EVANS AVE,41.763909,-87.606651,GREATER GRAND CROSSING,6,2019-11-12,4,DSS
20DS73439L,STRTSAN,2523 W 47TH ST,41.80820945,-87.68783160115149,BRIGHTON PARK,15,2019-11-13,2,DSS
20DS73674L,STRTSAN,2501 W 47TH ST,41.808313,-87.687047,BRIGHTON PARK,15,2019-11-13,6,DSS
20DS74596L,STRTSAN,4402 S CALIFORNIA AVE,41.813578839366926,-87.69447593683859,BRIGHTON PARK,15,2019-11-15,1,DSS
20DS75556L,STRTSAN,1724 W 47TH ST,41.808653521240686,-87.66832056709748,NEW CITY,15,2020-01-21,1,DSS
20DS75558L,STRTSAN,4410 S ASHLAND AVE,41.81377265296897,-87.66521202415434,NEW CITY,15,2020-01-21,3,DSS
20DS75580L,STRTSAN,4456 S ASHLAND AVE,41.8124799,-87.66545605769683,NEW CITY,15,2020-01-21,1,DSS
20DS75583L,STRTSAN,4518 S ASHLAND AVE,41.81156925,-87.66544286921518,NEW CITY,15,2020-01-21,2,DSS
20DS75602L,STRTSAN,1614 W 47TH ST,41.80882115,-87.66587232671927,NEW CITY,15,2020-01-21,1,DSS
20DS75650L,STRTSAN,2307 W 47TH ST,41.80834922547095,-87.6822047333861,NEW CITY,15,2020-01-21,4,DSS
20DS75718L,STRTSAN,2301 W GARFIELD BLVD,41.79326255,-87.68149824492853,GAGE PARK,15,2020-01-22,2,DSS
20DS75730L,STRTSAN,1816 W 47TH ST,41.80863247477542,-87.67050013971117,NEW CITY,15,2020-01-21,2,DSS
20DS75740L,STRTSAN,1737 W 47TH ST,41.8084097,-87.668940777639,NEW CITY,15,2020-01-21,2,DSS
20DS75771L,STRTSAN,2021 W 47TH ST,41.808266450000005,-87.67555657727985,NEW CITY,15,2020-01-21,1,DSS
20DS75787L,STRTSAN,5421 S ASHLAND AVE,41.79550510335157,-87.6645155630733,NEW CITY,16,2020-01-22,4,DSS
20DS75789L,STRTSAN,2706 W 47TH ST,41.80839636414722,-87.6921077870194,BRIGHTON PARK,15,2020-01-21,1,DSS
20DS75798L,STRTSAN,5407 S ASHLAND AVE,41.79566323100548,-87.66452076892199,NEW CITY,16,2020-01-22,1,DSS
20DS75804L,STRTSAN,5658 S HONORE ST,41.79043885,-87.67090160264117,WEST ENGLEWOOD,15,2020-01-22,2,DSS
20DS75837L,STRTSAN,7628 S UNION AVE,41.75511435,-87.64198540562467,AUBURN GRESHAM,6,2020-01-22,2,DSS
20DS75850L,STRTSAN,4500 S ROCKWELL ST,41.811859350000006,-87.68992618829162,BRIGHTON PARK,15,2020-01-22,2,DSS
20DS75868L,STRTSAN,1910 W 47TH ST,41.80860846770642,-87.67264533403684,NEW CITY,15,2020-01-21,1,DSS
20DS75871L,STRTSAN,5001 S WESTERN BLVD,41.802838,-87.683592,GAGE PARK,15,2020-01-21,2,DSS
20DS75875L,STRTSAN,5943 S WOOD ST,41.785414849999995,-87.6689633,WEST ENGLEWOOD,15,2020-01-22,2,DSS
20DS75876L,STRTSAN,2614 W 48TH ST,41.8067837,-87.69014381491755,BRIGHTON PARK,15,2020-01-21,2,DSS
20DS75880L,STRTSAN,4528 S ROCKWELL ST,41.81108675,-87.6896619895517,BRIGHTON PARK,15,2020-01-22,1,DSS
20DS75886L,STRTSAN,4701 S WESTERN AVE,41.80739520408164,-87.68450380612245,BRIGHTON PARK,15,2020-01-21,2,DSS
20DS75889L,STRTSAN,5945 S WOOD ST,41.78534415,-87.66896034999999,WEST ENGLEWOOD,15,2020-01-22,1,DSS
20DS75906L,STRTSAN,2619 W POPE JOHN PAUL II DR,41.81552627673706,-87.69022759439422,BRIGHTON PARK,15,2020-01-22,2,DSS
20DS75908L,STRTSAN,5516 S DAMEN AVE,41.79284890141195,-87.67437305907809,WEST ENGLEWOOD,15,2020-01-22,1,DSS
20DS75909L,STRTSAN,2057 W GARFIELD BLVD,41.793978608086746,-87.67620174497404,NEW CITY,16,2020-01-22,1,DSS
20DS75914L,STRTSAN,1643 W 47TH ST,41.80850550671488,-87.66672785640444,NEW CITY,20,2020-01-21,12,DSS
20DS75916L,STRTSAN,5524 S DAMEN AVE,41.79278735211793,-87.67437158861715,WEST ENGLEWOOD,15,2020-01-22,1,DSS
20DS75919L,STRTSAN,2559 W 47TH ST,41.80828429996001,-87.68892366933247,BRIGHTON PARK,15,2020-01-21,1,DSS
20DS75927L,STRTSAN,5500 S DAMEN AVE,41.79328635,-87.67448629946347,WEST ENGLEWOOD,15,2020-01-22,1,DSS
20DS75935L,STRTSAN,4201 S FAIRFIELD AVE,41.8172738,-87.6929907285857,BRIGHTON PARK,15,2020-01-22,1,DSS
20DS75936L,STRTSAN,4348 S WESTERN AVE,41.81480449266772,-87.68471150024413,BRIGHTON PARK,15,2020-01-21,1,DSS
20DS75941L,STRTSAN,6414 S ASHLAND AVE,41.777305006260704,-87.66427149191664,WEST ENGLEWOOD,15,2020-01-22,1,DSS
20DS75943L,STRTSAN,4210 S ROCKWELL ST,41.817053650000005,-87.6898394833051,BRIGHTON PARK,15,2020-01-22,1,DSS
20DS75953L,STRTSAN,2111 W GARFIELD BLVD,41.79396765363164,-87.67709831281992,NEW CITY,16,2020-01-22,3,DSS
20DS75957L,STRTSAN,4201 S CALIFORNIA AVE,41.8172524,-87.69419416297762,BRIGHTON PARK,15,2020-01-22,3,DSS
20DS75969L,STRTSAN,4201 S ARTESIAN AVE,41.817348800000005,-87.68569398126881,BRIGHTON PARK,15,2020-01-22,1,DSS
20DS75981L,STRTSAN,2701 W POPE JOHN PAUL II DR,41.8153818,-87.69213364592147,BRIGHTON PARK,15,2020-01-21,1,DSS
20DS75985L,STRTSAN,1958 W 47TH ST,41.8087695,-87.67431761162888,NEW CITY,15,2020-01-21,1,DSS
20DS75986L,STRTSAN,4949 S SEELEY AVE,41.8034022,-87.67552959207137,NEW CITY,15,2020-01-22,1,DSS
20DS75992L,STRTSAN,2419 W POPE JOHN PAUL II DR,41.815602,-87.685465,BRIGHTON PARK,15,2020-01-22,1,DSS
20DS75994L,STRTSAN,4448 S WESTERN AVE,41.81245585,-87.68485530000001,BRIGHTON PARK,15,2020-01-21,2,DSS
20DS75995L,STRTSAN,2439 W POPE JOHN PAUL II DR,41.8154825,-87.68625957809718,BRIGHTON PARK,15,2020-01-22,2,DSS
20DS76000L,STRTSAN,4959 S DAMEN AVE,41.80373674636203,-87.67445854158005,NEW CITY,15,2020-01-22,2,DSS
20DS76001L,STRTSAN,4534 S ROCKWELL ST,41.8109343,-87.6896433374145,BRIGHTON PARK,15,2020-01-22,1,DSS
20DS76027L,STRTSAN,5644 S WESTERN AVE,41.79111170095204,-87.68407436808683,GAGE PARK,15,2020-01-22,2,DSS
20DS76031L,STRTSAN,5941 S WOOD ST,41.78548345,-87.66896625,WEST ENGLEWOOD,15,2020-01-22,6,DSS
20DS76064L,STRTSAN,4945 S HOYNE AVE,41.8035458,-87.6767455399312,NEW CITY,15,2020-01-22,1,DSS
20DS76065L,STRTSAN,4956 S HOYNE AVE,41.80315145,-87.67748857025,NEW CITY,15,2020-01-22,2,DSS
20DS76077L,STRTSAN,4326 S WESTERN AVE,41.8148248,-87.6849589,BRIGHTON PARK,15,2020-01-21,2,DSS
20DS76087L,STRTSAN,5055 S WINCHESTER AVE,41.8015548,-87.67319052,NEW CITY,15,2020-01-22,6,DSS
20DS76094L,STRTSAN,4363 S ARCHER AVE,41.81488161844398,-87.70277907552351,BRIGHTON PARK,15,2020-01-21,1,DSS
20DS76115L,STRTSAN,6501 S HERMITAGE AVE,41.77564045,-87.66755144099523,WEST ENGLEWOOD,15,2020-01-22,2,DSS
20DS76122L,STRTSAN,5601 S DAMEN AVE,41.79197595,-87.67399689332143,WEST ENGLEWOOD,15,2020-01-22,2,DSS
20DS76139L,STRTSAN,4442 S WESTERN AVE,41.81308436997521,-87.68467008712577,BRIGHTON PARK,15,2020-01-21,1,DSS
20DS76159L,STRTSAN,4200 S ROCKWELL ST,41.817316649999995,-87.6898504517489,BRIGHTON PARK,15,2020-01-22,2,DSS
20DS76168L,STRTSAN,6500 S MARSHFIELD AVE,41.775686449999995,-87.6657206343659,WEST ENGLEWOOD,15,2020-01-22,2,DSS
20DS76169L,STRTSAN,1756 W 48TH ST,41.80682238755404,-87.6693940006026,NEW CITY,15,2020-01-22,1,DSS
20DS76178L,STRTSAN,2445 W POPE JOHN PAUL II DR,41.81547395,-87.6864513218841,BRIGHTON PARK,15,2020-01-22,2,DSS
20DS76186L,STRTSAN,4500 S WESTERN AVE,41.811939,-87.684639,BRIGHTON PARK,15,2020-01-21,2,DSS
20DS76199L,STRTSAN,4803 S SEELEY AVE,41.8065349,-87.67541325709175,NEW CITY,15,2020-01-22,1,DSS
20DS76201L,STRTSAN,4738 S DAMEN AVE,41.80777351987289,-87.67477821561096,NEW CITY,15,2020-01-22,1,DSS
20DS76210L,STRTSAN,2034 W 51ST ST,41.801478849999995,-87.67594140222127,NEW CITY,15,2020-01-22,1,DSS
20DS76293L,STRTSAN,4955 S HOYNE AVE,41.8035550697327,-87.67688125908616,NEW CITY,15,2020-01-22,2,DSS
20DS76304L,STRTSAN,5048 S DAMEN AVE,41.80238191235015,-87.67464753178257,NEW CITY,15,2020-01-22,1,DSS
20DS76344L,STRTSAN,2023 W 50TH ST,41.802826350000004,-87.67559707507877,NEW CITY,15,2020-01-22,5,DSS
20DS76635L,STRTSAN,2916 W POPE JOHN PAUL II DR,41.815577655101805,-87.69766862450247,BRIGHTON PARK,15,2020-01-22,1,DSS
20DS77140L,STRTSAN,6349 S WESTERN AVE,41.77804915675573,-87.683499171456,CHICAGO LAWN,16,2020-01-31,4,DSS
20DS77386L,STRTSAN,5000 S WOLCOTT AVE,41.802946,-87.672207,NEW CITY,20,2020-02-07,3,DSS
20DS77441L,STRTSAN,4409 S ROCKWELL ST,41.8134655,-87.68919295,BRIGHTON PARK,15,2020-01-22,6,DSS
20DS77693L,STRTSAN,6612 S LOOMIS BLVD,41.7735981,-87.65946195921106,WEST ENGLEWOOD,16,2020-02-14,3,DSS
20DS77695L,STRTSAN,2557 W 45TH ST,41.81192098547192,-87.68871832273777,BRIGHTON PARK,15,2020-02-14,3,DSS
20DS77717L,STRTSAN,4524 S WESTERN AVE,41.811442400000004,-87.68503841138065,BRIGHTON PARK,15,2020-01-21,9,DSS
20DS77767L,STRTSAN,5600 S WASHTENAW AVE,41.79179,-87.691418,GAGE PARK,15,2020-02-16,2,DSS
20DS77795L,STRTSAN,2525 W POPE JOHN PAUL II DR,41.81541695,-87.68814164999999,BRIGHTON PARK,15,2020-01-22,4,DSS
20DS78298L,STRTSAN,4601 S ROCKWELL ST,41.810055899999995,-87.6890996248511,BRIGHTON PARK,15,2020-01-22,3,DSS
20DS78417L,STRTSAN,5628 S WESTERN AVE,41.7914865,-87.68431075730939,GAGE PARK,15,2020-01-22,4,DSS
20DS78494L,STRTSAN,5841 S OAKLEY AVE,41.787782334869355,-87.68101574886897,GAGE PARK,16,2020-02-27,6,DSS
20DS78578L,STRTSAN,4800 S HONORE ST,41.806523150000004,-87.67133341375535,NEW CITY,15,2020-02-27,1,DSS
20DS78645L,STRTSAN,3037 W POPE JOHN PAUL II DR,41.8152616,-87.70080447650602,BRIGHTON PARK,15,2020-02-28,2,DSS
20DS78649L,STRTSAN,3041 W POPE JOHN PAUL II DR,41.815259499999996,-87.7009471064696,BRIGHTON PARK,15,2020-02-28,2,DSS
20DS78654L,STRTSAN,5013 S WINCHESTER AVE,41.802651873466125,-87.67321679696319,NEW CITY,15,2020-02-28,3,DSS
20DS78676L,STRTSAN,5004 S WINCHESTER AVE,41.802894449878536,-87.67344286124697,NEW CITY,15,2020-02-28,3,DSS
20DS79222L,STRTSAN,1756 W 48TH ST,41.80682238755404,-87.6693940006026,NEW CITY,15,2020-01-22,2,DSS
20DT000786,TRANPORT,6601 S GREEN ST,41.774151,-87.645748,ENGLEWOOD,6,2020-02-10,1,CDOT
20DT000836,TRANPORT,6600 S TROY ST,41.773388,-87.701883,CHICAGO LAWN,17,2020-02-10,1,CDOT
20DT000874,TRANPORT,4601 S ROCKWELL ST,41.810055899999995,-87.6890996248511,BRIGHTON PARK,15,2020-02-14,5,CDOT
21CP001043,POLICE,6001 S KEDZIE ,41.78426905,-87.70305297993318,CHICAGO LAWN,16,2021-01-17,1,Police
21CP002213,POLICE,6451 S HONORE ST ,41.7760891,-87.66992835786802,WEST ENGLEWOOD,15,2021-02-05,1,Police
21CP002214,POLICE,6459 S HONORE ST,41.77588755,-87.66998907519412,WEST ENGLEWOOD,15,2021-02-05,3,Police
21CP002398,POLICE,1850 W MARQUETTE ST,41.77219794825491,-87.6703401745092,WEST ENGLEWOOD,15,2021-02-12,2,Police
21DS18451M,STRTSAN,6945 S CARPENTER ST,41.767695193023684,-87.65043428154198,ENGLEWOOD,6,2021-01-02,2,DSS
21DS19144M,STRTSAN,7056 S PARNELL AVE,41.76543805,-87.63870358891171,ENGLEWOOD,6,2021-01-27,5,DSS
21DS19295M,STRTSAN,8307 S DR MARTIN LUTHER KING JR DR,41.74355745,-87.61437510681395,CHATHAM,6,2021-02-09,1,DSS
21DS19297M,STRTSAN,7601 S STATE ST,41.75615365,-87.62428293477745,GREATER GRAND CROSSING,6,2021-02-09,1,DSS
21DS19320M,STRTSAN,250 W 75TH ST,41.7583088,-87.6316161,GREATER GRAND CROSSING,6,2021-02-11,2,DSS
21DS19324M,STRTSAN,7105 S STATE ST,41.765332875,-87.62479308333333,GREATER GRAND CROSSING,6,2021-02-11,2,DSS
21DS19325M,STRTSAN,7108 S WABASH AVE,41.7651904,-87.6235457,GREATER GRAND CROSSING,6,2021-02-11,1,DSS
21DS19326M,STRTSAN,51 E 71ST ST,41.7652968,-87.62270886858107,GREATER GRAND CROSSING,6,2021-02-11,2,DSS
21DS19327M,STRTSAN,75 E 71ST ST,41.7653019,-87.62209358009373,GREATER GRAND CROSSING,6,2021-02-11,2,DSS
21DS19329M,STRTSAN,7101 S MICHIGAN AVE,41.765457,-87.621578,GREATER GRAND CROSSING,6,2021-02-11,6,DSS
21DS19330M,STRTSAN,7100 S PRAIRIE AVE,41.76552855,-87.61881038715092,GREATER GRAND CROSSING,6,2021-02-11,1,DSS
21DS19331M,STRTSAN,547 E 71ST ST,41.765611250000006,-87.61091421670568,GREATER GRAND CROSSING,6,2021-02-11,1,DSS
21DS19332M,STRTSAN,605 E 71ST ST,41.7656504,-87.61010692519514,GREATER GRAND CROSSING,6,2021-02-11,1,DSS
21DS19333M,STRTSAN,7055 S ST LAWRENCE AVE,41.76797982492789,-87.61037096434308,GREATER GRAND CROSSING,6,2021-02-11,1,DSS
21DS19335M,STRTSAN,7059 S STATE ST,41.7658084,-87.6245313,GREATER GRAND CROSSING,6,2021-02-11,1,DSS
21DS19415M,STRTSAN,111 W 75TH ST,41.75802435,-87.62747819075315,GREATER GRAND CROSSING,6,2021-02-11,2,DSS
21DS19793M,STRTSAN,7030 S ASHLAND AVE,41.7654918,-87.66448127185417,WEST ENGLEWOOD,17,2021-01-26,1,DSS
21DS19935M,STRTSAN,1415 W 76TH ST,41.75565885,-87.65942422056762,AUBURN GRESHAM,17,2021-02-22,1,DSS
21DS20241M,STRTSAN,4257 S ARTESIAN AVE,41.81647490652492,-87.68581270373275,BRIGHTON PARK,15,2021-02-02,1,DSS
21DS20313M,STRTSAN,4856 S HERMITAGE AVE,41.805725013726544,-87.66864911800032,NEW CITY,15,2021-02-04,2,DSS
21DS20384M,STRTSAN,5004 S WINCHESTER AVE,41.802894449878536,-87.67344286124697,NEW CITY,15,2021-02-08,2,DSS
21DS20599M,STRTSAN,6105 S RICHMOND ST,41.78251775564723,-87.69703413398145,CHICAGO LAWN,16,2021-02-25,2,DSS
21DS20615M,STRTSAN,6307 S ARTESIAN AVE,41.77906575,-87.68464296947549,CHICAGO LAWN,16,2021-02-22,2,DSS
21DS20635M,STRTSAN,5048 S DAMEN AVE,41.80238191235015,-87.67464753178257,NEW CITY,15,2021-02-22,1,DSS
21DS20686M,STRTSAN,4420 S ASHLAND AVE,41.81361030591629,-87.66520804919287,NEW CITY,15,2021-02-12,6,DSS
21DS20687M,STRTSAN,1808 W 47TH ST,41.80884135,-87.67026369962687,NEW CITY,15,2021-02-12,2,DSS
21DS20688M,STRTSAN,4601 S ASHLAND AVE,41.81029255,-87.66461111437857,NEW CITY,15,2021-02-12,2,DSS
21DS20689M,STRTSAN,4412 S ASHLAND AVE,41.813740183562764,-87.66521122898521,NEW CITY,15,2021-02-12,6,DSS
21DS20690M,STRTSAN,4412 S ASHLAND AVE,41.813740183562764,-87.66521122898521,NEW CITY,15,2021-02-12,6,DSS
21DS20691M,STRTSAN,4412 S ASHLAND AVE,41.813740183562764,-87.66521122898521,NEW CITY,15,2021-02-12,6,DSS
21DS20692M,STRTSAN,4416 S ASHLAND AVE,41.81367524474635,-87.66520963881065,NEW CITY,15,2021-02-12,6,DSS
21DS20693M,STRTSAN,4426 S ASHLAND AVE,41.81351289767122,-87.6652056647662,NEW CITY,15,2021-02-12,3,DSS
21DS20694M,STRTSAN,1614 W 47TH ST,41.80882115,-87.66587232671927,NEW CITY,15,2021-02-12,1,DSS
21DS20699M,STRTSAN,2010 W 51ST ST,41.801304002987095,-87.67538185363232,NEW CITY,15,2021-02-22,2,DSS
21DS20741M,STRTSAN,932 W 59TH ST,41.787053327869295,-87.648810877032,ENGLEWOOD,16,2021-02-13,4,DSS
21DS20793M,STRTSAN,2300 W 63RD ST,41.7795429,-87.68156237367168,CHICAGO LAWN,16,2021-02-17,2,DSS
21DS20811M,STRTSAN,6701 S RACINE AVE,41.77215175,-87.65404249008475,ENGLEWOOD,16,2021-02-20,4,DSS
21DS47172M,STRTSAN,6215 S MORGAN ST,41.7809709,-87.64939929662184,ENGLEWOOD,16,2021-10-08,1,DSS
21DT00021A,TRANPORT,7101 S ASHLAND AVE,41.76455115,-87.66326065,WEST ENGLEWOOD,17,2021-02-20,2,CDOT
21DT00023A,TRANPORT,7059 S ASHLAND AVE,41.765199,-87.66347404285048,WEST ENGLEWOOD,17,2021-02-20,2,CDOT
21DT00024A,TRANPORT,6900 S ASHLAND AVE,41.768151200000005,-87.66434750572552,WEST ENGLEWOOD,17,2021-02-20,2,CDOT
21DT00026A,TRANPORT,801 W GARFIELD BLVD,41.794383866263594,-87.64534753156107,NEW CITY,20,2021-02-20,2,CDOT
21DT00027A,TRANPORT,5101 S HALSTED ST,41.801288799999995,-87.64490358437142,NEW CITY,20,2021-02-20,1,CDOT
21DT00029A,TRANPORT,810 W 59TH ST,41.787263949999996,-87.64562441835085,ENGLEWOOD,16,2021-02-20,1,CDOT
21DT00030A,TRANPORT,5101 S ASHLAND AVE,41.80103685,-87.6642638049602,NEW CITY,16,2021-02-20,2,CDOT
21DT000459,TRANPORT,7929 S STATE ST,41.7500527,-87.624112198576,CHATHAM,6,2021-02-01,2,CDOT
21DT000738,TRANPORT,7925 S STATE ST,41.74987848710867,-87.62440441442315,CHATHAM,6,2021-02-04,1,CDOT
21DT000747,TRANPORT,935 W MARQUETTE RD,41.7722511,-87.64859554867549,ENGLEWOOD,6,2021-02-19,1,CDOT
21DT000783,TRANPORT,7356 S HALSTED ST,41.76054072498492,-87.64440474869468,ENGLEWOOD,6,2021-02-17,1,CDOT
21DT001027,TRANPORT,100 W GRAND ,41.7655813,-87.6216949,GREATER GRAND CROSSING,6,2021-02-18,1,CDOT
21DT002544,TRANPORT,310 W 74TH PL,41.758684,-87.6545515,WEST ENGLEWOOD,17,2021-02-19,2,CDOT
21DT002780,TRANPORT,343 W 63RD ST,41.779837858158395,-87.63438774037404,ENGLEWOOD,20,2021-02-05,1,CDOT
22CP000767,POLICE,1456 W 61ST ST ,41.78333405,-87.6617112250623,WEST ENGLEWOOD,16,2022-01-10,1,Police
22CP001080,POLICE,6135 S VERNON AVE ,41.782876,-87.61420036417005,WOODLAWN,20,2022-01-16,1,Police
22CP001430,POLICE,6345 S ABERDEEN ,41.77831275,-87.65176834754098,ENGLEWOOD,16,2022-01-23,2,Police
22CP001431,POLICE,6350 S ABERDEEN ,41.778169000000005,-87.65230687533901,ENGLEWOOD,16,2022-01-23,1,Police
22CP001604,POLICE,1049 W MARQUETTE RD,41.772214000000005,-87.65139034923386,ENGLEWOOD,16,2022-01-29,1,Police
22CP001691,POLICE,6331 S RHODES ,41.779349100000005,-87.6117346934482,WOODLAWN,20,2022-01-29,1,Police
22CS000494,POLICE,260 W 65TH ST ,41.7767531,-87.63248147455829,ENGLEWOOD,20,2022-02-03,1,Police
22CS00058A,BAFCONP,6621 S LANGLEY ,41.77428827326702,-87.6081395193137,WOODLAWN,20,2022-02-04,1,BACP
22CS00059A,BAFCONP,6613 S LANGLEY AVE,41.77445779999999,-87.60797922152543,WOODLAWN,20,2022-01-04,1,BACP
22DS02242M,STRTSAN,51 E 71ST ST,41.7652968,-87.62270886858107,GREATER GRAND CROSSING,6,2022-01-05,2,DSS
22DS02244M,STRTSAN,7101 S MICHIGAN AVE,41.765457,-87.621578,GREATER GRAND CROSSING,6,2022-01-05,3,DSS
22DS02245M,STRTSAN,119 E 71ST ST,41.76545215,-87.62064666936267,GREATER GRAND CROSSING,6,2022-01-05,1,DSS
22DS02285M,STRTSAN,7101 S VINCENNES AVE,41.764866714285716,-87.62831634693877,GREATER GRAND CROSSING,6,2022-01-05,1,DSS
22DS02286M,STRTSAN,139 W 71ST ST,41.76522165,-87.62878424674014,GREATER GRAND CROSSING,6,2022-01-05,1,DSS
22DS02287M,STRTSAN,7108 S WABASH AVE,41.7651904,-87.6235457,GREATER GRAND CROSSING,6,2022-01-05,1,DSS
22DS02288M,STRTSAN,7059 S HALSTED ST,41.76596677521923,-87.64432193001925,ENGLEWOOD,6,2022-01-05,2,DSS
22DS02291M,STRTSAN,143 W 71ST ST,41.76520725,-87.62889357666181,GREATER GRAND CROSSING,6,2022-01-05,2,DSS
22DS02294M,STRTSAN,75 E 71ST ST,41.7653019,-87.62209358009373,GREATER GRAND CROSSING,6,2022-01-05,2,DSS
22DS02589M,STRTSAN,6637 S HALSTED ST,41.77302214582098,-87.6445019224408,ENGLEWOOD,6,2022-01-05,1,DSS
22DS02592M,STRTSAN,135 E 71ST ST,41.76539605,-87.62035356879866,GREATER GRAND CROSSING,6,2022-01-05,2,DSS
22DS02593M,STRTSAN,125 E 71ST ST,41.76545215,-87.62064666936267,GREATER GRAND CROSSING,6,2022-01-05,2,DSS
22DS02604M,STRTSAN,7358 S WABASH AVE,41.76021045,-87.62351497682111,GREATER GRAND CROSSING,6,2022-01-06,4,DSS
22DS02610M,STRTSAN,7100 S PRAIRIE AVE,41.76552855,-87.61881038715092,GREATER GRAND CROSSING,6,2022-01-05,1,DSS
22DS02616M,STRTSAN,549 E 79TH ST,41.751001349999996,-87.61054440869422,CHATHAM,6,2022-01-07,1,DSS
22DS02618M,STRTSAN,601 E 79TH ST,41.75128437652835,-87.60989063078816,GREATER GRAND CROSSING,6,2022-01-07,1,DSS
22DS02619M,STRTSAN,7903 S RHODES AVE,41.75058104112242,-87.61116337597615,CHATHAM,6,2022-01-07,1,DSS
22DS02628M,STRTSAN,211 E 79TH ST,41.7508721,-87.6191808,CHATHAM,6,2022-01-07,1,DSS
22DS02629M,STRTSAN,207 E 79TH ST,41.7508143,-87.61936655767968,CHATHAM,6,2022-01-07,2,DSS
22DS02631M,STRTSAN,343 E 79TH ST,41.7508974,-87.61621414167303,CHATHAM,6,2022-01-07,2,DSS
22DS02652M,STRTSAN,7058 S EMERALD AVE,41.7653762,-87.643398227074,ENGLEWOOD,6,2022-01-10,1,DSS
22DS02681M,STRTSAN,7109 S INDIANA AVE,41.7653205,-87.61978942748877,GREATER GRAND CROSSING,6,2022-01-05,2,DSS
22DS02761M,STRTSAN,7901 S INDIANA AVE,41.750811,-87.61950035000001,CHATHAM,6,2022-01-07,6,DSS
22DS03137M,STRTSAN,351 E 79TH ST,41.7509208,-87.61598371788425,CHATHAM,6,2022-01-07,2,DSS
22DS03391M,STRTSAN,6300 S DAMEN AVE,41.778682,-87.674002,WEST ENGLEWOOD,16,2022-01-05,2,DSS
22DS03396M,STRTSAN,2101 W 63RD ST,41.779197,-87.676501,WEST ENGLEWOOD,16,2022-01-05,1,DSS
22DS03398M,STRTSAN,5300 S WESTERN AVE,41.7973414,-87.68457700323833,GAGE PARK,15,2022-01-06,1,DSS
22DS03406M,STRTSAN,4701 S WESTERN BLVD,41.8081992,-87.68358648016489,NEW CITY,15,2022-01-06,2,DSS
22DS03407M,STRTSAN,2439 W 47TH ST,41.8082378,-87.6860919681507,BRIGHTON PARK,15,2022-01-06,2,DSS
22DS03408M,STRTSAN,5035 S WESTERN BLVD,41.8018089,-87.6831760248387,GAGE PARK,15,2022-01-06,2,DSS
22DS03409M,STRTSAN,4260 S WESTERN AVE,41.81642639730945,-87.68475615861098,BRIGHTON PARK,15,2022-01-06,1,DSS
22DS03410M,STRTSAN,5230 S WESTERN AVE,41.79834305,-87.68474152381785,GAGE PARK,15,2022-01-06,1,DSS
22DS03411M,STRTSAN,2425 W 47TH ST,41.8082317,-87.685546506804,BRIGHTON PARK,15,2022-01-06,1,DSS
22DS03412M,STRTSAN,5057 S WESTERN BLVD,41.801687082255555,-87.68357172434098,GAGE PARK,15,2022-01-06,1,DSS
22DS03413M,STRTSAN,4500 S WESTERN AVE,41.811939,-87.684639,BRIGHTON PARK,15,2022-01-06,3,DSS
22DS03414M,STRTSAN,4354 S WESTERN AVE,41.8140674,-87.6849529997804,BRIGHTON PARK,15,2022-01-06,1,DSS
22DS03415M,STRTSAN,4257 S ARTESIAN AVE,41.81647490652492,-87.68581270373275,BRIGHTON PARK,15,2022-01-06,1,DSS
22DS03416M,STRTSAN,2441 W 47TH ST,41.80816745,-87.68622727525442,BRIGHTON PARK,15,2022-01-06,1,DSS
22DS03417M,STRTSAN,4710 S WESTERN AVE,41.807859,-87.68479703503766,BRIGHTON PARK,15,2022-01-06,2,DSS
22DS03418M,STRTSAN,4618 S WESTERN AVE,41.8096198,-87.6847583,BRIGHTON PARK,15,2022-01-06,2,DSS
22DS03421M,STRTSAN,4532 S WESTERN AVE,41.8109397,-87.68477407587699,BRIGHTON PARK,15,2022-01-06,2,DSS
22DS03422M,STRTSAN,4614 S WESTERN AVE,41.8097308,-87.68484975070628,BRIGHTON PARK,15,2022-01-06,4,DSS
22DS03423M,STRTSAN,4600 S WESTERN AVE,41.810013999999995,-87.68496254507379,BRIGHTON PARK,15,2022-01-06,2,DSS
22DS03424M,STRTSAN,4452 S WESTERN AVE,41.81231405,-87.6849447725026,BRIGHTON PARK,15,2022-01-06,6,DSS
22DS03425M,STRTSAN,4410 S WESTERN AVE,41.81357425,-87.68504573030111,BRIGHTON PARK,15,2022-01-06,1,DSS
22DS03426M,STRTSAN,2433 W 47TH ST,41.80833549448531,-87.68574046903927,BRIGHTON PARK,15,2022-01-06,1,DSS
22DS03427M,STRTSAN,2437 W 47TH ST,41.8082272,-87.68599469100158,BRIGHTON PARK,15,2022-01-06,2,DSS
22DS03446M,STRTSAN,932 W 59TH ST,41.787053327869295,-87.648810877032,ENGLEWOOD,16,2022-01-09,1,DSS
22DS03486M,STRTSAN,6651 S HALSTED ST,41.77292614262915,-87.6444993136584,ENGLEWOOD,6,2022-01-05,2,DSS
22DS03505M,STRTSAN,5528 S CARPENTER ST,41.7929251,-87.6514933203125,ENGLEWOOD,16,2022-01-25,2,DSS
22DS03527M,STRTSAN,7105 S STATE ST,41.765332875,-87.62479308333333,GREATER GRAND CROSSING,6,2022-01-05,1,DSS
22DS03535M,STRTSAN,4955 S HOYNE AVE,41.8035550697327,-87.67688125908616,NEW CITY,15,2022-01-25,1,DSS
22DS03602M,STRTSAN,6714 S WESTERN AVE,41.771386050000004,-87.68377614044391,CHICAGO LAWN,17,2022-01-12,5,DSS
22DS03683M,STRTSAN,371 E 75TH ST,41.75830474033481,-87.61629031197623,GREATER GRAND CROSSING,6,2022-01-27,1,DSS
22DS03685M,STRTSAN,7450 S DR MARTIN LUTHER KING JR DR,41.75857915,-87.61553334555083,GREATER GRAND CROSSING,6,2022-01-27,2,DSS
22DS03741M,STRTSAN,2053 W 53RD ST,41.79733160000001,-87.67654533853104,NEW CITY,16,2022-01-15,3,DSS
22DS03749M,STRTSAN,1620 W 59TH ST,41.78705305,-87.66550370088274,WEST ENGLEWOOD,16,2022-01-15,2,DSS
22DS03841M,STRTSAN,4257 S ARTESIAN AVE,41.81647490652492,-87.68581270373275,BRIGHTON PARK,15,2022-01-27,2,DSS
22DS03843M,STRTSAN,4949 S SEELEY AVE,41.8034022,-87.67552959207137,NEW CITY,15,2022-01-27,1,DSS
22DS03847M,STRTSAN,5312 S WESTERN AVE,41.79693025,-87.68470140941389,GAGE PARK,15,2022-01-06,21,DSS
22DS03862M,STRTSAN,1620 W 59TH ST,41.78705305,-87.66550370088274,WEST ENGLEWOOD,16,2022-01-25,2,DSS
22DS03899M,STRTSAN,2010 W 51ST ST,41.801304002987095,-87.67538185363232,NEW CITY,15,2022-01-27,1,DSS
22DS03906M,STRTSAN,4955 S HOYNE AVE,41.8035550697327,-87.67688125908616,NEW CITY,15,2022-01-27,1,DSS
22DS03916M,STRTSAN,5519 S CARPENTER ST,41.79321385,-87.65091281379782,ENGLEWOOD,16,2022-01-25,30,DSS
22DS03954M,STRTSAN,7953 S CHAMPLAIN AVE,41.74967895,-87.6084489515091,CHATHAM,6,2022-01-28,2,DSS
22DS03968M,STRTSAN,4601 S ROCKWELL ST,41.810055899999995,-87.6890996248511,BRIGHTON PARK,15,2022-01-31,1,DSS
22DS04067M,STRTSAN,7250 S EMERALD AVE,41.762477448979595,-87.6430716122449,ENGLEWOOD,6,2022-02-04,2,DSS
22DS04080M,STRTSAN,932 W 59TH ST,41.787053327869295,-87.648810877032,ENGLEWOOD,16,2022-02-04,2,DSS
22DS04082M,STRTSAN,6419 S MAY ST,41.7772068,-87.65293905372882,ENGLEWOOD,16,2022-02-05,1,DSS
22DS04087M,STRTSAN,7042 S MARSHFIELD AVE,41.76542125,-87.66529052384672,WEST ENGLEWOOD,17,2022-02-04,4,DSS
22DS04088M,STRTSAN,4300 S ARCHER AVE,41.8152448,-87.7026677466763,BRIGHTON PARK,15,2022-02-04,2,DSS
22DS04123M,STRTSAN,6359 S ARTESIAN AVE,41.777552099999994,-87.68451134508626,CHICAGO LAWN,16,2022-02-04,1,DSS
22DS04127M,STRTSAN,7101 S PERRY AVE,41.764845,-87.628039,GREATER GRAND CROSSING,6,2022-02-09,2,DSS
22DS04129M,STRTSAN,7104 S LAFAYETTE AVE,41.765237400000004,-87.62690061909731,GREATER GRAND CROSSING,6,2022-02-09,2,DSS
22DS04135M,STRTSAN,7059 S HALSTED ST,41.76596677521923,-87.64432193001925,ENGLEWOOD,6,2022-02-09,2,DSS
22DS04136M,STRTSAN,6530 S MORGAN ST,41.77509215,-87.64978070000001,ENGLEWOOD,6,2022-02-09,3,DSS
22DS04145M,STRTSAN,6349 S ELIZABETH ST,41.778026800000006,-87.6555064849291,WEST ENGLEWOOD,16,2022-02-05,1,DSS
22DS04146M,STRTSAN,6446 S MAY ST,41.77644635,-87.6534618,ENGLEWOOD,16,2022-02-05,2,DSS
22DS04149M,STRTSAN,5849 S BISHOP ST,41.78742555,-87.66005593471402,WEST ENGLEWOOD,16,2022-02-05,8,DSS
22DS04150M,STRTSAN,5801 S PEORIA ST,41.7886938,-87.64717524715746,ENGLEWOOD,16,2022-02-05,4,DSS
22DS04151M,STRTSAN,5757 S PEORIA ST,41.7889696,-87.64709435555739,ENGLEWOOD,16,2022-02-05,4,DSS
22DS04152M,STRTSAN,6432 S ABERDEEN ST,41.776797900000005,-87.65222620461654,ENGLEWOOD,16,2022-02-05,1,DSS
22DS04153M,STRTSAN,5753 S PEORIA ST,41.78911025,-87.64715416589372,ENGLEWOOD,16,2022-02-05,1,DSS
22DS04154M,STRTSAN,6224 S ABERDEEN ST,41.780712750000006,-87.65242977504553,ENGLEWOOD,16,2022-02-05,2,DSS
22DS04156M,STRTSAN,5722 S SANGAMON ST,41.78992985,-87.6489825865257,ENGLEWOOD,16,2022-02-05,1,DSS
22DS04157M,STRTSAN,5710 S PEORIA ST,41.79021015,-87.64779308792544,ENGLEWOOD,16,2022-02-05,1,DSS
22DS04158M,STRTSAN,5744 S SANGAMON ST,41.7892498,-87.64892797912967,ENGLEWOOD,16,2022-02-05,2,DSS
22DS04159M,STRTSAN,1801 W 63RD ST,41.779298,-87.669242,WEST ENGLEWOOD,15,2022-02-05,2,DSS
22DS04160M,STRTSAN,6825 S WINCHESTER AVE,41.7695213,-87.67218914310381,WEST ENGLEWOOD,17,2022-02-05,2,DSS
22DS04161M,STRTSAN,6301 S DAMEN AVE,41.778686,-87.673782,WEST ENGLEWOOD,15,2022-02-05,4,DSS
22DS04162M,STRTSAN,5727 S PEORIA ST,41.7897381,-87.64717330532994,ENGLEWOOD,16,2022-02-09,1,DSS
22DS04163M,STRTSAN,1740 W 63RD ST,41.77956785,-87.66832427519296,WEST ENGLEWOOD,15,2022-02-05,1,DSS
22DS04164M,STRTSAN,5730 S GREEN ST,41.789683249999996,-87.64652324263244,ENGLEWOOD,16,2022-02-09,2,DSS
22DS04165M,STRTSAN,2000 W 69TH ST,41.768521,-87.673792,WEST ENGLEWOOD,16,2022-02-05,4,DSS
22DS04166M,STRTSAN,1641 W 63RD ST,41.7792092,-87.66590958890664,WEST ENGLEWOOD,15,2022-02-05,1,DSS
22DS04167M,STRTSAN,1643 W 63RD ST,41.7792132,-87.66600047259035,WEST ENGLEWOOD,15,2022-02-05,1,DSS
22DS04172M,STRTSAN,6249 S WOLCOTT AVE,41.78051706975783,-87.671402382554,WEST ENGLEWOOD,15,2022-02-05,2,DSS
22DS04174M,STRTSAN,1950 W 63RD ST,41.779584150000005,-87.67350947008423,WEST ENGLEWOOD,15,2022-02-05,1,DSS
22DS04176M,STRTSAN,6301 S WESTERN AVE,41.778536,-87.683512,CHICAGO LAWN,16,2022-02-07,4,DSS
22DS04178M,STRTSAN,1614 W 47TH ST,41.80882115,-87.66587232671927,NEW CITY,15,2022-02-07,4,DSS
22DS04179M,STRTSAN,6128 S WESTERN AVE,41.78232628868012,-87.6838353204496,CHICAGO LAWN,16,2022-02-07,1,DSS
22DS04186M,STRTSAN,1923 W 59TH ST,41.78656266288996,-87.67253249340321,WEST ENGLEWOOD,15,2022-02-07,6,DSS
22DS04188M,STRTSAN,1850 W 59TH ST,41.78674638870939,-87.67107548980802,WEST ENGLEWOOD,15,2022-02-07,1,DSS
22DS04189M,STRTSAN,1854 W 59TH ST,41.78674594354696,-87.67111144904011,WEST ENGLEWOOD,15,2022-02-07,2,DSS
22DS04190M,STRTSAN,1637 W 59TH ST,41.7866442567841,-87.66609473283414,WEST ENGLEWOOD,15,2022-02-08,4,DSS
22DS04191M,STRTSAN,6220 S DAMEN AVE,41.78055885,-87.67429811522352,WEST ENGLEWOOD,16,2022-02-08,6,DSS
22DS04192M,STRTSAN,6238 S DAMEN AVE,41.78060061208737,-87.6740445973918,WEST ENGLEWOOD,16,2022-02-08,5,DSS
22DS04194M,STRTSAN,1715 W 59TH ST,41.7865314,-87.6674759,WEST ENGLEWOOD,15,2022-02-08,2,DSS
22DS04197M,STRTSAN,1901 W 59TH ST,41.786426399999996,-87.67193593863637,WEST ENGLEWOOD,15,2022-02-08,2,DSS
22DS04202M,STRTSAN,2435 W 64TH ST,41.77729225,-87.68514370037326,CHICAGO LAWN,16,2022-02-04,2,DSS
22DS04210M,STRTSAN,5621 S CARPENTER ST,41.7917425,-87.65088083589805,ENGLEWOOD,16,2022-02-09,1,DSS
22DS04211M,STRTSAN,5742 S CARPENTER ST,41.789780438122094,-87.65122829498561,ENGLEWOOD,16,2022-02-09,3,DSS
22DS04216M,STRTSAN,5738 S CARPENTER ST,41.78941865,-87.6513838422396,ENGLEWOOD,16,2022-02-09,1,DSS
22DS04220M,STRTSAN,6105 S GREEN ST,41.78308665,-87.64580909428125,ENGLEWOOD,16,2022-02-09,1,DSS
22DS04221M,STRTSAN,6408 S SANGAMON ST,41.77754855,-87.64867168625437,ENGLEWOOD,16,2022-02-09,1,DSS
22DS04225M,STRTSAN,1236 W 64TH ST,41.7779659,-87.65588519973457,WEST ENGLEWOOD,16,2022-02-05,1,DSS
22DS04227M,STRTSAN,6422 S MAY ST,41.7770667,-87.6534841640051,ENGLEWOOD,16,2022-02-05,1,DSS
22DS04229M,STRTSAN,5722 S PEORIA ST,41.789902749999996,-87.6477708494186,ENGLEWOOD,16,2022-02-05,1,DSS
22DS04234M,STRTSAN,5848 S PEORIA ST,41.7872567,-87.64758860183912,ENGLEWOOD,16,2022-02-05,1,DSS
22DS04235M,STRTSAN,6410 S MAY ST,41.77740025,-87.65350217284157,ENGLEWOOD,16,2022-02-05,1,DSS
22DS04238M,STRTSAN,5726 S SANGAMON ST,41.78984595,-87.64900432785714,ENGLEWOOD,16,2022-02-05,1,DSS
22DS04239M,STRTSAN,5734 S SANGAMON ST,41.78954125,-87.64892610157358,ENGLEWOOD,16,2022-02-05,1,DSS
22DS04241M,STRTSAN,5759 S SANGAMON ST,41.78956146195785,-87.64857094187819,ENGLEWOOD,16,2022-02-05,1,DSS
22DS04242M,STRTSAN,5756 S SANGAMON ST,41.7889184,-87.64902357699458,ENGLEWOOD,16,2022-02-05,1,DSS
22DS04244M,STRTSAN,1953 W 63RD ST,41.779114449999994,-87.67352997909461,WEST ENGLEWOOD,15,2022-02-05,1,DSS
22DS04246M,STRTSAN,1651 W 63RD ST,41.7791895,-87.66625649460303,WEST ENGLEWOOD,15,2022-02-05,1,DSS
22DS04247M,STRTSAN,1510 W GARFIELD BLVD,41.79360439655951,-87.66255040701392,WEST ENGLEWOOD,16,2022-02-05,3,DSS
22DS04249M,STRTSAN,5435 S JUSTINE ST,41.7948612,-87.66291525138888,NEW CITY,16,2022-02-05,1,DSS
22DS04250M,STRTSAN,6248 S MARSHFIELD AVE,41.77972389999999,-87.66566999616515,WEST ENGLEWOOD,15,2022-02-05,2,DSS
22DS04252M,STRTSAN,2033 W 69TH ST,41.76821525,-87.67497882191685,WEST ENGLEWOOD,17,2022-02-05,1,DSS
22DS04253M,STRTSAN,1743 W 59TH ST,41.786507799999995,-87.66850054747664,WEST ENGLEWOOD,15,2022-02-08,2,DSS
22DS04254M,STRTSAN,1824 W 63RD ST,41.77945259836883,-87.66999599752303,WEST ENGLEWOOD,15,2022-02-05,2,DSS
22DS04258M,STRTSAN,4710 S WESTERN AVE,41.807859,-87.68479703503766,BRIGHTON PARK,15,2022-02-07,1,DSS
22DS04272M,STRTSAN,1745 W 59TH ST,41.78661641532984,-87.6683785882304,WEST ENGLEWOOD,15,2022-02-08,2,DSS
22DS04274M,STRTSAN,6114 S GREEN ST,41.78288405,-87.6463577,ENGLEWOOD,16,2022-02-09,1,DSS
22DS04276M,STRTSAN,6120 S GREEN ST,41.78272355,-87.64637272179377,ENGLEWOOD,16,2022-02-09,1,DSS
22DS04277M,STRTSAN,1721 W 59TH ST,41.78651665,-87.66774004626198,WEST ENGLEWOOD,15,2022-02-08,4,DSS
22DS04278M,STRTSAN,1721 W 59TH ST,41.78651665,-87.66774004626198,WEST ENGLEWOOD,15,2022-02-08,1,DSS
22DS04279M,STRTSAN,6124 S GREEN ST,41.78258085,-87.6463659990678,ENGLEWOOD,16,2022-02-09,1,DSS
22DS04280M,STRTSAN,6130 S GREEN ST,41.782995067226985,-87.64620605008797,ENGLEWOOD,16,2022-02-09,1,DSS
22DS04281M,STRTSAN,5757 S PEORIA ST,41.7889696,-87.64709435555739,ENGLEWOOD,16,2022-02-09,3,DSS
22DS04282M,STRTSAN,6200 S DAMEN AVE,41.781038,-87.674057,WEST ENGLEWOOD,16,2022-02-08,2,DSS
22DS04283M,STRTSAN,5749 S PEORIA ST,41.78973906035202,-87.64736141772109,ENGLEWOOD,16,2022-02-09,2,DSS
22DS04284M,STRTSAN,932 W 59TH ST,41.787053327869295,-87.648810877032,ENGLEWOOD,16,2022-02-08,5,DSS
22DS04289M,STRTSAN,6337 S ADA ST,41.7784645,-87.65778365966719,WEST ENGLEWOOD,16,2022-02-09,1,DSS
22DS04293M,STRTSAN,6101 S WOOD ST,41.782930050000004,-87.6688762056067,WEST ENGLEWOOD,15,2022-02-09,1,DSS
22DS04294M,STRTSAN,6343 S THROOP ST,41.7782988,-87.65661175169123,WEST ENGLEWOOD,16,2022-02-09,4,DSS
22DS04295M,STRTSAN,5613 S CARPENTER ST,41.791938349999995,-87.65089335677966,ENGLEWOOD,16,2022-02-09,1,DSS
22DS04297M,STRTSAN,5740 S CARPENTER ST,41.78935,-87.65137145619308,ENGLEWOOD,16,2022-02-09,2,DSS
22DS04298M,STRTSAN,6137 S THROOP ST,41.7821373,-87.6568271,WEST ENGLEWOOD,16,2022-02-09,1,DSS
22DS04299M,STRTSAN,6420 S MORGAN ST,41.7772049,-87.6498316,ENGLEWOOD,16,2022-02-09,2,DSS
22DS04300M,STRTSAN,1737 W 59TH ST,41.78661798750201,-87.66827482486696,WEST ENGLEWOOD,15,2022-02-08,1,DSS
22DS04301M,STRTSAN,6426 S SANGAMON ST,41.77708255,-87.64864536568793,ENGLEWOOD,16,2022-02-09,3,DSS
22DS04303M,STRTSAN,6041 S MORGAN ST,41.783934849999994,-87.64948237820549,ENGLEWOOD,16,2022-02-09,1,DSS
22DS04335M,STRTSAN,1901 W 59TH ST,41.786426399999996,-87.67193593863637,WEST ENGLEWOOD,15,2022-02-10,1,DSS
22DS04345M,STRTSAN,1741 W 79TH ST,41.75022328674519,-87.66737085362486,AUBURN GRESHAM,17,2022-02-10,2,DSS
22DS04355M,STRTSAN,4710 S WESTERN AVE,41.807859,-87.68479703503766,BRIGHTON PARK,15,2022-02-08,2,DSS
22DS04357M,STRTSAN,6448 S ABERDEEN ST,41.77639115,-87.65226813204399,ENGLEWOOD,16,2022-02-11,3,DSS
22DS04368M,STRTSAN,5900 S LOOMIS BLVD,41.786691,-87.659647,WEST ENGLEWOOD,16,2022-02-11,3,DSS
22DS04370M,STRTSAN,6159 S ARTESIAN AVE,41.78119315,-87.68464102209302,CHICAGO LAWN,16,2022-02-11,3,DSS
22DS04371M,STRTSAN,6441 S ABERDEEN ST,41.7765691,-87.65170058734029,ENGLEWOOD,16,2022-02-11,2,DSS
22DS04377M,STRTSAN,6459 S ABERDEEN ST,41.7761292,-87.65170082977542,ENGLEWOOD,16,2022-02-11,1,DSS
22DS04400M,STRTSAN,4400 S WASHTENAW AVE,41.813636849999995,-87.69227153763796,BRIGHTON PARK,15,2022-02-14,1,DSS
22DS04401M,STRTSAN,6149 S LOOMIS BLVD,41.7817271,-87.6591619312538,WEST ENGLEWOOD,16,2022-02-14,12,DSS
22DS04410M,STRTSAN,4335 S HONORE ST,41.81477635,-87.67093785010493,NEW CITY,15,2022-02-14,2,DSS
22DS04411M,STRTSAN,4331 S HONORE ST,41.815217310702685,-87.67110636944085,NEW CITY,15,2022-02-14,8,DSS
22DS04527M,STRTSAN,346 E 75TH ST,41.75868385,-87.61639131983068,GREATER GRAND CROSSING,6,2022-01-27,3,DSS
22DS04583M,STRTSAN,1244 W 57TH ST,41.790633549999995,-87.65646060154192,WEST ENGLEWOOD,16,2022-02-15,2,DSS
22DS04683M,STRTSAN,5936 S UNION AVE,41.78605126694817,-87.64262090636919,ENGLEWOOD,20,2022-02-18,5,DSS
22DS04795M,STRTSAN,2820 W 63RD ST,41.779186390792205,-87.6941939940105,CHICAGO LAWN,16,2022-02-18,6,DSS
22DT000599,TRANPORT,4224 W 51ST ST,41.8012094,-87.6769417,NEW CITY,15,2022-01-04,1,CDOT
22DT001139,TRANPORT,2416 W 43RD ST,41.815766,-87.685471,BRIGHTON PARK,15,2022-01-25,1,CDOT
22DT001344,TRANPORT,6318 S HERMITAGE ,41.77851230498201,-87.66797789601736,WEST ENGLEWOOD,15,2022-01-31,1,CDOT
22DT001345,TRANPORT,6316 S HERMITAGE ,41.778531937761784,-87.66797846312654,WEST ENGLEWOOD,15,2022-01-31,3,CDOT
22DT001521,TRANPORT,4910 S DAMEN ,41.804401821804895,-87.67469450306044,NEW CITY,15,2022-02-08,1,CDOT
22DT001522,TRANPORT,4400 S WASHTENAW ,41.813636849999995,-87.69227153763796,BRIGHTON PARK,15,2022-02-08,1,CDOT
22DT001815,TRANPORT,7101 S ASHLAND ,41.76455115,-87.66326065,WEST ENGLEWOOD,17,2022-02-07,1,CDOT
22DT001816,TRANPORT,7059 S ASHLAND ,41.765199,-87.66347404285048,WEST ENGLEWOOD,17,2022-02-07,1,CDOT
22DT001820,TRANPORT,7050 S DAMEN ,41.76501485,-87.67387276308253,WEST ENGLEWOOD,17,2022-02-03,1,CDOT
22DT001821,TRANPORT,6649 S HALSTED ST,41.772939857370844,-87.6444996863416,ENGLEWOOD,6,2022-02-03,1,CDOT
22DT001822,TRANPORT,7600 S HALSTED ST,41.755963,-87.644291,AUBURN GRESHAM,17,2022-02-03,1,CDOT
22DT001823,TRANPORT,7901 S DAMEN ,41.749651,-87.673006,AUBURN GRESHAM,17,2022-02-09,1,CDOT
23DS09565M,STRTSAN,6741 S CAMPBELL AVE,41.77069865,-87.68556792006024,CHICAGO LAWN,17,2023-01-30,2,DSS
23DS10124M,STRTSAN,6208 S MAY ST,41.781095199999996,-87.6535795,ENGLEWOOD,16,2022-11-21,6,DSS
23DS12223M,STRTSAN,2413 W 59TH ST,41.7863531,-87.68452177339168,CHICAGO LAWN,16,2023-01-27,2,DSS
23DS12463M,STRTSAN,6725 S CAMPBELL AVE,41.771159600000004,-87.68556595501687,CHICAGO LAWN,17,2023-01-30,1,DSS
23DS12474M,STRTSAN,5514 S WOLCOTT AVE,41.7930567,-87.67214746474576,WEST ENGLEWOOD,15,2023-01-31,1,DSS
23DS12476M,STRTSAN,1533 W GARFIELD BLVD,41.79412749150964,-87.66357971791919,NEW CITY,16,2023-01-31,1,DSS
23DS12477M,STRTSAN,5544 S WOLCOTT AVE,41.79226,-87.67208402009223,WEST ENGLEWOOD,15,2023-01-31,1,DSS
23DS13066M,STRTSAN,2435 W 64TH ST,41.77729225,-87.68514370037326,CHICAGO LAWN,16,2023-02-02,2,DSS
23DS13151M,STRTSAN,2422 W 64 ST,41.77750848889021,-87.68458793328168,CHICAGO LAWN,16,2023-02-02,1,DSS
23DT000415,TRANPORT,3110 W 61ST ST,41.78272092670012,-87.70120466499394,CHICAGO LAWN,16,2023-01-27,1,CDOT
23DT000416,TRANPORT,3110 W 61ST ST,41.78272092670012,-87.70120466499394,CHICAGO LAWN,16,2023-01-24,1,CDOT
23DT000417,TRANPORT,3110 W 61ST ST,41.78272092670012,-87.70120466499394,CHICAGO LAWN,16,2023-01-26,1,CDOT
23DT000418,TRANPORT,3110 W 61ST ST,41.78272092670012,-87.70120466499394,CHICAGO LAWN,16,2023-01-19,1,CDOT
23DT000422,TRANPORT,3110 W 61ST ST,41.78272092670012,-87.70120466499394,CHICAGO LAWN,16,2023-01-17,1,CDOT
23DT000423,TRANPORT,3110 W 61ST ST,41.78272092670012,-87.70120466499394,CHICAGO LAWN,16,2023-01-25,1,CDOT
